ts;uuid;id_user;gclid;user_recurrent;url_landing;url base;gclid;id user;uuid
2021-09-06 0:3:5.816;5d612df4-b04a-48b3-a398-25e542d0d7cf;fe1e23b7-5925-428e-b103-c1803a8a802a;Cj0KCQjw1dGJBhD4ARIsANb6OdkNOTEPAcfCTEAhlJfk6gfW8q3jYHKPR9gh0BB9cT32y2lmnxF79l0aAh6NEALw_wcB;true;gclid=Cj0KCQjw1dGJBhD4ARIsANb6OdkNOTEPAcfCTEAhlJfk6gfW8q3jYHKPR9gh0BB9cT32y2lmnxF79l0aAh6NEALw_wcB&idUser=fe1e23b7-5925-428e-b103-c1803a8a802a&uuid=5d612df4-b04a-48b3-a398-25e542d0d7cf&camp=732187328&adg=46724581628&device=m&sl=&adv=533531999904&rec=true&;https://www.metropolis.com/es/;;;
2021-09-06 0:3:27.098;2ae80a9e-4a1d-495f-bfc7-24a2ee462cda;5fcc8b47-8fa0-4791-a6b8-6260f2ab0888;Cj0KCQjw1dGJBhD4ARIsANb6OdmYnQIBLDemeVg6nbOtVVlqgU02Z3FgfQEefr98pUEyPdUTCj-CQWAaAlhyEALw_wcB;false;ixs-electrico/gclid=Cj0KCQjw1dGJBhD4ARIsANb6OdmYnQIBLDemeVg6nbOtVVlqgU02Z3FgfQEefr98pUEyPdUTCj-CQWAaAlhyEALw_wcB&idUser=5fcc8b47-8fa0-4791-a6b8-6260f2ab0888&uuid=2ae80a9e-4a1d-495f-bfc7-24a2ee462cda&camp=1646697023&adg=61477462725&device=c&sl=&adv=379120564696&rec=false&;https://www.metropolis.com/es/;;;
2021-09-06 0:3:30.475;e8cbd723-b9ec-4a61-8044-bd7d30756154;add08a93-d03a-449c-bf09-9c1535ce2419;Cj0KCQjw1dGJBhD4ARIsANb6OdkuQkoBgr2y0lU5c3la2saj9oRGyLDv4oI4MbcJWMVP-SYlnZXuRE4aAllHEALw_wcB;false;tria/gclid=Cj0KCQjw1dGJBhD4ARIsANb6OdkuQkoBgr2y0lU5c3la2saj9oRGyLDv4oI4MbcJWMVP-SYlnZXuRE4aAllHEALw_wcB&idUser=add08a93-d03a-449c-bf09-9c1535ce2419&uuid=e8cbd723-b9ec-4a61-8044-bd7d30756154&camp=1648648995&adg=62589383945&device=m&sl=&adv=481025151787&rec=false&;https://www.metropolis.com/es/;;;
2021-09-06 0:3:48.196;c75d0e0d-f3de-4746-ae66-72fbf4d7bf71;0882f78e-0295-458a-934d-18278c31adc7;Cj0KCQjw1dGJBhD4ARIsANb6OdmPt8bwmNTJnZJinw0MUhH75_4WlKH36no7PBu4LfpRJSXUXFNAbdcaAivkEALw_wcB;false;tria/gclid=Cj0KCQjw1dGJBhD4ARIsANb6OdmPt8bwmNTJnZJinw0MUhH75_4WlKH36no7PBu4LfpRJSXUXFNAbdcaAivkEALw_wcB&idUser=0882f78e-0295-458a-934d-18278c31adc7&uuid=c75d0e0d-f3de-4746-ae66-72fbf4d7bf71&camp=1648648995&adg=62589383945&device=m&sl=&adv=481025151796&rec=false&;https://www.metropolis.com/es/;;;
2021-09-06 0:4:0.649;2817a76c-b912-49f0-b826-31d92fb38acf;c33f22df-997a-481f-9d51-df94e0689d3d;Cj0KCQjw1dGJBhD4ARIsANb6Odnrixsd4Gcl1wcT68auujAEYLofThCVp8AbOJ091C2UeTkfHLvFnbcaAsvwEALw_wcB;true;gclid=Cj0KCQjw1dGJBhD4ARIsANb6Odnrixsd4Gcl1wcT68auujAEYLofThCVp8AbOJ091C2UeTkfHLvFnbcaAsvwEALw_wcB&idUser=c33f22df-997a-481f-9d51-df94e0689d3d&uuid=2817a76c-b912-49f0-b826-31d92fb38acf&camp=732187328&adg=46724581628&device=c&sl=&adv=533655604703&rec=true&;https://www.metropolis.com/es/;;;
2021-09-06 13:44:21.471;54bfdfe1-69ca-4e22-bf78-90923d1e9bf9;59257b75-5389-49e4-b1aa-5997ecfdc7f9;Cj0KCQjw1dGJBhD4ARIsANb6OdkF0-DcGTMMXczOIXbbjKMfjn7bHPBg7e6ItklUZjUBlrkdO5OLMe0aAjXvEALw_wcB;true;cea/gclid=Cj0KCQjw1dGJBhD4ARIsANb6OdkF0-DcGTMMXczOIXbbjKMfjn7bHPBg7e6ItklUZjUBlrkdO5OLMe0aAjXvEALw_wcB&idUser=59257b75-5389-49e4-b1aa-5997ecfdc7f9&uuid=54bfdfe1-69ca-4e22-bf78-90923d1e9bf9&camp=1648174978&adg=62589482065&device=m&sl=&adv=494939238432&rec=true&;https://www.metropolis.com/es/;;;
2021-09-06 0:4:26.438;d7a9fa73-c3e6-41f7-9eb1-d87620d9ab0d;53f1a3fa-8fc4-4aeb-87a0-dcbe059339ae;EAIaIQobChMIwPu5t4qs3AIVAQAAAB0BAAAAEAAYACAAEgJVzfD_BwE;false;life/gclid=EAIaIQobChMIwPu5t4qs3AIVAQAAAB0BAAAAEAAYACAAEgJVzfD_BwE&idUser=53f1a3fa-8fc4-4aeb-87a0-dcbe059339ae&uuid=d7a9fa73-c3e6-41f7-9eb1-d87620d9ab0d&camp=13352855428&adg=126733863807&device=m&sl=&adv=525407334173&rec=false&;https://www.metropolis.com/es/;;;
2021-09-06 0:4:40.306;4f9eaa73-c3e6-41f7-9eb1-d87620d9ab0d;cbe653fa-8fc4-4aeb-87a0-dcbe059339ae;EAIaIQobChMIwPu5t4qs3AIVAQAAAB0BAAAAEAAYACAAEgJVzfD_BwE;false;k43/descargar-catalogo/gclid=EAIaIQobChMIwPu5t4qs3AIVAQAAAB0BAAAAEAAYACAAEgJVzfD_BwE&idUser=cbe653fa-8fc4-4aeb-87a0-dcbe059339ae&uuid=4f9eaa73-c3e6-41f7-9eb1-d87620d9ab0d&camp=1724235562&adg=67441804237&device=m&sl=&adv=379120588054&rec=false&;https://www.metropolis.com/es/;;;
2021-09-06 0:4:40.790;daaaea02-a7b3-4291-9148-7379e81d4ad4;e604825d-b780-48d1-b65b-89e86e0671d5;Cj0KCQjw1dGJBhD4ARIsANb6OdnvNrss0CmT-b4WqktU6P5MbIFRk3bj0fRDq3WBnywko-rK6yEQEZsaAlSYEALw_wcB;false;clin200/gclid=Cj0KCQjw1dGJBhD4ARIsANb6OdnvNrss0CmT-b4WqktU6P5MbIFRk3bj0fRDq3WBnywko-rK6yEQEZsaAlSYEALw_wcB&idUser=e604825d-b780-48d1-b65b-89e86e0671d5&uuid=daaaea02-a7b3-4291-9148-7379e81d4ad4&camp=13352768128&adg=118216881010&device=m&sl=&adv=525403074122&rec=false&;https://www.metropolis.com/es/;;;
2021-09-06 0:4:43.202;c31cef27-700f-4e75-a5e2-2f10427b8b9b;ad983b54-d48c-4aa8-9241-b5c49d83428c;Cj0KCQjw1dGJBhD4ARIsANb6OdnCz3gI3tgGzbLgHXP-br2VFReSsUh4IG2PSS2YKBMre3V4JhrOxdIaAg4lEALw_wcB;true;gclid=Cj0KCQjw1dGJBhD4ARIsANb6OdnCz3gI3tgGzbLgHXP-br2VFReSsUh4IG2PSS2YKBMre3V4JhrOxdIaAg4lEALw_wcB&idUser=ad983b54-d48c-4aa8-9241-b5c49d83428c&uuid=c31cef27-700f-4e75-a5e2-2f10427b8b9b&camp=732187328&adg=46724581628&device=m&sl=&adv=533655604703&rec=true&;https://www.metropolis.com/es/;;;
2021-09-06 0:4:47.293;0dc35d5b-f8f3-4b4b-aa69-bf1460fbfc8d;ce821ef9-b1b1-4fe8-96e8-7caafedb84f2;Cj0KCQjw1dGJBhD4ARIsANb6OdnsCY-bxFKzl3bvdvI_lrDV5Bq27haMizYYbSX0l9DKNOA9LPH9FdMaAhHHEALw_wcB;true;gclid=Cj0KCQjw1dGJBhD4ARIsANb6OdnsCY-bxFKzl3bvdvI_lrDV5Bq27haMizYYbSX0l9DKNOA9LPH9FdMaAhHHEALw_wcB&idUser=ce821ef9-b1b1-4fe8-96e8-7caafedb84f2&uuid=0dc35d5b-f8f3-4b4b-aa69-bf1460fbfc8d&camp=732187328&adg=46724581628&device=m&sl=&adv=533655604703&rec=true&;https://www.metropolis.com/es/;;;
2021-09-06 0:5:10.227;0bfa16dc-a483-4671-8bf6-41cff60b89b1;efb412fe-c584-4eaf-8523-f1e1b63ac171;Cj0KCQjw1dGJBhD4ARIsANb6OdmpcXHqrCa4XHwj1XQTGt_Bpef3Js0Q6PmQVmKnVuQzsr0snXVSeTcaAtY1EALw_wcB;false;clin400/gclid=Cj0KCQjw1dGJBhD4ARIsANb6OdmpcXHqrCa4XHwj1XQTGt_Bpef3Js0Q6PmQVmKnVuQzsr0snXVSeTcaAtY1EALw_wcB&idUser=efb412fe-c584-4eaf-8523-f1e1b63ac171&uuid=0bfa16dc-a483-4671-8bf6-41cff60b89b1&camp=732401028&adg=46724585188&device=m&sl=&adv=477211734929&rec=false&;https://www.metropolis.com/es/;;;
2021-09-06 0:5:13.225;daaaea02-a7b3-4291-9148-7379e81d4ad4;e604825d-b780-48d1-b65b-89e86e0671d5;Cj0KCQjw1dGJBhD4ARIsANb6OdnvNrss0CmT-b4WqktU6P5MbIFRk3bj0fRDq3WBnywko-rK6yEQEZsaAlSYEALw_wcB;true;clin200/gclid=Cj0KCQjw1dGJBhD4ARIsANb6OdnvNrss0CmT-b4WqktU6P5MbIFRk3bj0fRDq3WBnywko-rK6yEQEZsaAlSYEALw_wcB&idUser=e604825d-b780-48d1-b65b-89e86e0671d5&uuid=daaaea02-a7b3-4291-9148-7379e81d4ad4&camp=13352768128&adg=118216881010&device=m&sl=&adv=525403074122&rec=true&;https://www.metropolis.com/es/;;;
2021-09-06 0:5:38.761;60d993de-9544-4968-8d6b-f0ccffd87e0d;bc42ffd1-d825-436a-9f5c-c4c5a6642509;Cj0KCQjw1dGJBhD4ARIsANb6OdkUVh30nQvS_dr2sEPXeAh_8598291sv8FUE52jPx6ueS9jKjeY1nkaAu9iEALw_wcB;false;tria/gclid=Cj0KCQjw1dGJBhD4ARIsANb6OdkUVh30nQvS_dr2sEPXeAh_8598291sv8FUE52jPx6ueS9jKjeY1nkaAu9iEALw_wcB&idUser=bc42ffd1-d825-436a-9f5c-c4c5a6642509&uuid=60d993de-9544-4968-8d6b-f0ccffd87e0d&camp=1648648995&adg=62589383945&device=m&sl=55827747438&adv=481025151796&rec=false&;https://www.metropolis.com/es/;;;
2021-09-06 0:8:18.344;a6456565-3f3e-4228-ae6e-d186e17a0eda;3f146eaf-172f-45c2-8d23-fba1446eb653;Cj0KCQjw1dGJBhD4ARIsANb6OdnI7UqCPlAqtRzH_jIBmQzrMb6Xw6V0-3FZu_lfmBqUkASb1n1ueBEaAotSEALw_wcB;false;cea/gclid=Cj0KCQjw1dGJBhD4ARIsANb6OdnI7UqCPlAqtRzH_jIBmQzrMb6Xw6V0-3FZu_lfmBqUkASb1n1ueBEaAotSEALw_wcB&idUser=3f146eaf-172f-45c2-8d23-fba1446eb653&uuid=a6456565-3f3e-4228-ae6e-d186e17a0eda&camp=1648646316&adg=58613330770&device=m&sl=&adv=494939238438&rec=false&;https://www.metropolis.com/es/;;;
2021-09-06 0:9:32.221;f0167486-808f-406f-b9a1-f3802c08f357;f9e2c1a3-9ac0-4ffe-9873-de8231d0b6b8;Cj0KCQjw1dGJBhD4ARIsANb6Odmh8nZ3zw1vQyLxFqh0ktU9261RUuKLMqvOzFw6cqmgdBa2lEkyRlMaAoV4EALw_wcB;false;gclid=Cj0KCQjw1dGJBhD4ARIsANb6Odmh8nZ3zw1vQyLxFqh0ktU9261RUuKLMqvOzFw6cqmgdBa2lEkyRlMaAoV4EALw_wcB&idUser=f9e2c1a3-9ac0-4ffe-9873-de8231d0b6b8&uuid=f0167486-808f-406f-b9a1-f3802c08f357&camp=732187328&adg=46724581628&device=m&sl=&adv=533655604703&rec=false&;https://www.metropolis.com/es/;;;
2021-09-06 0:10:32.157;c31cef27-700f-4e75-a5e2-2f10427b8b9b;ad983b54-d48c-4aa8-9241-b5c49d83428c;Cj0KCQjw1dGJBhD4ARIsANb6OdnCz3gI3tgGzbLgHXP-br2VFReSsUh4IG2PSS2YKBMre3V4JhrOxdIaAg4lEALw_wcB;true;gclid=Cj0KCQjw1dGJBhD4ARIsANb6OdkQSu1pDM8Ak-pZzOEzL1r6YRNO3dgerc5MgO0ml_J5nLw03DwZXTcaAs_aEALw_wcB&idUser=666c9866-b5a4-4f4c-9985-a6a8cbf4e680&uuid=d84e9cdd-08b5-405d-97c7-eb78ad187a5b&camp=732187328&adg=46724581628&device=c&sl=&adv=533655604703&rec=true&;https://www.metropolis.com/es/;;;
2021-09-06 0:11:10.616;d84e9cdd-08b5-405d-97c7-eb78ad187a5b;666c9866-b5a4-4f4c-9985-a6a8cbf4e680;Cj0KCQjw1dGJBhD4ARIsANb6OdkQSu1pDM8Ak-pZzOEzL1r6YRNO3dgerc5MgO0ml_J5nLw03DwZXTcaAs_aEALw_wcB;true;cea/gclid=Cj0KCQjw1dGJBhD4ARIsANb6OdnNoir5uib6uzhGF9uQ7Do6-nMk9ItF8kaSORcGU6JpIQX4gqwpUgMaAnTIEALw_wcB&idUser=3f146eaf-172f-45c2-8d23-fba1446eb653&uuid=a6456565-3f3e-4228-ae6e-d186e17a0eda&camp=1648646316&adg=58613330770&device=m&sl=55827747411&adv=494939238438&rec=true&;https://www.metropolis.com/es/;;;
2021-09-06 0:11:10.739;a6456565-3f3e-4228-ae6e-d186e17a0eda;3f146eaf-172f-45c2-8d23-fba1446eb653;Cj0KCQjw1dGJBhD4ARIsANb6OdnNoir5uib6uzhGF9uQ7Do6-nMk9ItF8kaSORcGU6JpIQX4gqwpUgMaAnTIEALw_wcB;true;gclid=EAIaIQobChMIwJWn_ofp8gIVBuR3CcomY9QfTEAAYASAAEgIDXvD_BwE&idUser=e55feb88-da64-4eca-abb5-57385ad01853&uuid=579d80ab-9632-435d-8158-a43a2a3b10f6&camp=732187328&adg=46724581628&device=c&sl=&adv=533655604703&rec=false&;https://www.metropolis.com/es/;;;
2021-09-06 0:12:9.065;579d80ab-9632-435d-8158-a43a2a3b10f6;e55feb88-da64-4eca-abb5-57385ad01853;EAIaIQobChMIwJWn_ofp8gIVBuR3Ch1Y9QfTEAAYASAAEgIDXvD_BwE;false;tria-hibrido/gclid=Cj0KCQjw1dGJBhD4ARIsANb6OdnfkWZhSxlOmTpAZFOC7eG3Rb1Jl1K3AybbgAZnZDiTrYY2nt78UMcaAnLBEALw_wcB&idUser=9ca6ce29-90d1-4cab-b017-4281a1699427&uuid=2f2757bd-ac81-41b0-9188-aa7e320e3ea0&camp=1725352245&adg=73019156532&device=t&sl=&adv=481025151991&rec=false&;https://www.metropolis.com/es/;;;
2021-09-06 0:13:4.787;2f2757bd-ac81-41b0-9188-aa7e320e3ea0;9ca6ce29-90d1-4cab-b017-4281a1699427;Cj0KCQjw1dGJBhD4ARIsANb6OdnfkWZhSxlOmTpAZFOC7eG3Rb1Jl1K3AybbgAZnZDiTrYY2nt78UMcaAnLBEALw_wcB;false;tria/gclid=Cj0KCQjw1dGJBhD4ARIsANb6OdkGinPuBStihlgkhxJFsYhruxpKRYVYzct7l8_BJu4CVaX_OMqBkV4aAhdiEALw_wcB&idUser=ca21f8f5-b7ef-42e0-96dc-759d413e36ca&uuid=7d557b7e-802d-430c-8b3b-a99750d3afd6&camp=1648648995&adg=62589383945&device=m&sl=&adv=481025151796&rec=false&;https://www.metropolis.com/es/;;;
2021-09-06 0:15:0.366;7d557b7e-802d-430c-8b3b-a99750d3afd6;ca21f8f5-b7ef-42e0-96dc-759d413e36ca;Cj0KCQjw1dGJBhD4ARIsANb6OdkGinPuBStihlgkhxJFsYhruxpKRYVYzct7l8_BJu4CVaX_OMqBkV4aAhdiEALw_wcB;false;dep30/gclid=Cj0KCQjw1dGJBhD4ARIsANb6OdnBpJswjqZIFTtzlELLPqkd_vdGQwDMTEAwV_Pl4F7pRTNeBSNWGhwaAqXsEALw_wcB&idUser=e2e49d19-9c98-4e93-9f97-914d94ee5fcf&uuid=00b09614-0453-4a03-bfc0-c53679e873ac&camp=1042446156&adg=63912889335&device=m&sl=&adv=528158594826&rec=false&;https://www.metropolis.com/es/;;;
2021-09-06 0:15:20.859;00b09614-0453-4a03-bfc0-c53679e873ac;e2e49d19-9c98-4e93-9f97-914d94ee5fcf;Cj0KCQjw1dGJBhD4ARIsANb6OdnBpJswjqZIFTtzlELLPqkd_vdGQwDMTEAwV_Pl4F7pRTNeBSNWGhwaAqXsEALw_wcB;false;gclid=Cj0KCQjw1dGJBhD4ARIsANb6OdmLCiiUcneFmLV2bEw8HgVCYLewlrzMnjiEs2GQ4m3ItD8ze41Fo64aAj36EALw_wcB&idUser=a3cdd1ed-3b0f-42b2-97e0-886af6902e2e&uuid=6dbb1eb0-1252-40e0-b5a8-4637bf3dad7b&camp=732187328&adg=46724581628&device=m&sl=&adv=533655604703&rec=false&;https://www.metropolis.com/es/;;;
2021-09-06 0:15:53.638;6dbb1eb0-1252-40e0-b5a8-4637bf3dad7b;a3cdd1ed-3b0f-42b2-97e0-886af6902e2e;Cj0KCQjw1dGJBhD4ARIsANb6OdmLCiiUcneFmLV2bEw8HgVCYLewlrzMnjiEs2GQ4m3ItD8ze41Fo64aAj36EALw_wcB;false;tria/gclid=Cj0KCQjw1dGJBhD4ARIsANb6Odk1cK-guZLAAjGpQrgzl9RTzi1IBoJnauFcW9CzPkqEcbX3ocPqSmAaAs4TEALw_wcB&idUser=ca21f8f5-b7ef-42e0-96dc-759d413e36ca&uuid=7d557b7e-802d-430c-8b3b-a99750d3afd6&camp=1648648995&adg=62589383945&device=m&sl=55827747438&adv=481025151796&rec=true&;https://www.metropolis.com/es/;;;
2021-09-06 0:16:11.607;7d557b7e-802d-430c-8b3b-a99750d3afd6;ca21f8f5-b7ef-42e0-96dc-759d413e36ca;Cj0KCQjw1dGJBhD4ARIsANb6Odk1cK-guZLAAjGpQrgzl9RTzi1IBoJnauFcW9CzPkqEcbX3ocPqSmAaAs4TEALw_wcB;true;dep30/gclid=EAIaIQobChMIhsr_gYnp8gIVxQyLCh04MwVEEAAYASAAEgKPB_D_BwE&idUser=215134e8-3170-43dc-8f08-f06438129a9c&uuid=a2bb63f3-d0fe-4e36-be7e-36d052ea7515&camp=1042446156&adg=63912889335&device=m&sl=&adv=528158594826&rec=false&;https://www.metropolis.com/es/;;;
2021-09-06 0:16:49.530;a2bb63f3-d0fe-4e36-be7e-36d052ea7515;215134e8-3170-43dc-8f08-f06438129a9c;EAIaIQobChMIhsr_gYnp8gIVxQyLCh04MwVEEAAYASAAEgKPB_D_BwE;false;dep30/gclid=Cj0KCQjw1dGJBhD4ARIsANb6OdkRwcdoHBfBc3hx-hbB3GSlK8QGMg-O8YxT6ozDNv6YKTXhUdz9qVEaAmtDEALw_wcB&idUser=88aba0c0-9347-4de1-a15f-0d68e7a35e61&uuid=379b54bf-49ad-4ca3-ab4e-6aa90c9f75b1&camp=1042446156&adg=63912889335&device=m&sl=&adv=528158594826&rec=false&;https://www.metropolis.com/es/;;;
2021-09-06 0:17:55.309;379b54bf-49ad-4ca3-ab4e-6aa90c9f75b1;88aba0c0-9347-4de1-a15f-0d68e7a35e61;Cj0KCQjw1dGJBhD4ARIsANb6OdkRwcdoHBfBc3hx-hbB3GSlK8QGMg-O8YxT6ozDNv6YKTXhUdz9qVEaAmtDEALw_wcB;false;cea-electrico/gclid=Cj0KCQjw1dGJBhD4ARIsANb6OdnOybGaEifwirS6X8Zxy5JCujXymAC3kOfg_p6ME8KndPLSUcx_GVoaAui_EALw_wcB&idUser=0a606fc4-169d-4077-bc21-663c2414fbbb&uuid=034ed550-e3f1-439a-9b6e-a3ce869a1934&camp=1646744098&adg=58527617970&device=m&sl=&adv=497204330116&rec=false&;https://www.metropolis.com/es/;;;
2021-09-06 0:19:0.903;034ed550-e3f1-439a-9b6e-a3ce869a1934;0a606fc4-169d-4077-bc21-663c2414fbbb;Cj0KCQjw1dGJBhD4ARIsANb6OdnOybGaEifwirS6X8Zxy5JCujXymAC3kOfg_p6ME8KndPLSUcx_GVoaAui_EALw_wcB;false;clin400/gclid=EAIaIQobChMImo6U0Inp8gIVGdZ3Ch0mEQRFEAAYASAAEgJk8fD_BwE&idUser=9b14ef31-901b-4de9-8701-cd26e12b258a&uuid=bbf6c356-16b1-41e4-8645-22e7dbbed674&camp=732401028&adg=46724585188&device=m&sl=&adv=477211734920&rec=false&;https://www.metropolis.com/es/;;;
2021-09-06 0:19:34.472;bbf6c356-16b1-41e4-8645-22e7dbbed674;9b14ef31-901b-4de9-8701-cd26e12b258a;EAIaIQobChMImo6U0Inp8gIVGdZ3Ch0mEQRFEAAYASAAEgJk8fD_BwE;false;gclid=EAIaIQobChMI5b2L1onp8gIVRgKLCh30ug9sEAAYASAAEgLXfPD_BwE&idUser=e55feb88-da64-4eca-abb5-57385ad01853&uuid=579d80ab-9632-435d-8158-a43a2a3b10f6&camp=732187328&adg=46724581628&device=c&sl=&adv=533655604703&rec=true&;https://www.metropolis.com/es/;;;
2021-09-06 0:19:41.273;579d80ab-9632-435d-8158-a43a2a3b10f6;e55feb88-da64-4eca-abb5-57385ad01853;EAIaIQobChMI5b2L1onp8gIVRgKLCh30ug9sEAAYASAAEgLXfPD_BwE;true;gclid=Cj0KCQjw1dGJBhD4ARIsANb6OdlEd8BlLsv8awK8Dd1yhLSJCteOOX1vi1GPtmuD59-Yn96pW26OL2gaAvPDEALw_wcB&idUser=a09b5c95-f247-4227-8aba-f8eae300aea0&uuid=dea1435d-b92c-4bd2-9ac5-f4123cbb2399&camp=732187328&adg=46724581628&device=c&sl=&adv=533655604703&rec=false&;https://www.metropolis.com/es/;;;
2021-09-06 0:19:56.634;dea1435d-b92c-4bd2-9ac5-f4123cbb2399;a09b5c95-f247-4227-8aba-f8eae300aea0;Cj0KCQjw1dGJBhD4ARIsANb6OdlEd8BlLsv8awK8Dd1yhLSJCteOOX1vi1GPtmuD59-Yn96pW26OL2gaAvPDEALw_wcB;false;tria/gclid=Cj0KCQjw1dGJBhD4ARIsANb6Odn9kInaMrrYkz397yX0L6AdSOlDdyv5oLGtNOUcz-AtOOmvbk0ElQIaAiokEALw_wcB&idUser=ec4f4550-132d-444f-bc78-693f09881ee4&uuid=d4e2d7a0-9dd8-449b-8f04-c940976dd1d1&camp=1648648995&adg=62589383945&device=m&sl=55827747438&adv=481025151787&rec=false&;https://www.metropolis.com/es/;;;
2021-09-06 0:20:47.353;d4e2d7a0-9dd8-449b-8f04-c940976dd1d1;ec4f4550-132d-444f-bc78-693f09881ee4;Cj0KCQjw1dGJBhD4ARIsANb6Odn9kInaMrrYkz397yX0L6AdSOlDdyv5oLGtNOUcz-AtOOmvbk0ElQIaAiokEALw_wcB;false;tria/gclid=Cj0KCQjw1dGJBhD4ARIsANb6OdmGbZW2mLLD7K_7Bi4tZsjQ1Lcl8EjfS_8RTcgw3Dh--GiTJVZBxhAaAmYxEALw_wcB&idUser=ec4f4550-132d-444f-bc78-693f09881ee4&uuid=d4e2d7a0-9dd8-449b-8f04-c940976dd1d1&camp=1648648995&adg=62589383945&device=m&sl=55827747405&adv=481025151787&rec=true&;https://www.metropolis.com/es/;;;
2021-09-06 0:21:17.017;d4e2d7a0-9dd8-449b-8f04-c940976dd1d1;ec4f4550-132d-444f-bc78-693f09881ee4;Cj0KCQjw1dGJBhD4ARIsANb6OdmGbZW2mLLD7K_7Bi4tZsjQ1Lcl8EjfS_8RTcgw3Dh--GiTJVZBxhAaAmYxEALw_wcB;true;gclid=Cj0KCQjw1dGJBhD4ARIsANb6OdlfF_cCOgqiD7e_O499tAJsCXHC3H4uV_mY8iWpXBCnOG5lFd6Rf9AaApY7EALw_wcB&idUser=2355925e-7b22-4aec-a28d-5bb8f5a91ffc&uuid=5f9e71a8-efb8-4846-832a-cd55ccc69ef6&camp=732187328&adg=46724581628&device=m&sl=&adv=533655604703&rec=false&;https://www.metropolis.com/es/;;;
2021-09-06 0:21:53.452;5f9e71a8-efb8-4846-832a-cd55ccc69ef6;2355925e-7b22-4aec-a28d-5bb8f5a91ffc;Cj0KCQjw1dGJBhD4ARIsANb6OdlfF_cCOgqiD7e_O499tAJsCXHC3H4uV_mY8iWpXBCnOG5lFd6Rf9AaApY7EALw_wcB;false;tria-hibrido/gclid=EAIaIQobChMIwPu5t4qs3AIVAQAAAB0BAAAAEAAYACAAEgJVzfD_BwE&idUser=431a56fa-8fc4-4aeb-87a0-dcbe059339ae&uuid=c7c2ad73-c3e6-41f7-9eb1-d87620d9ab0d&camp=12758678095&adg=126242467572&device=m&sl=&adv=514753083529&rec=false&;https://www.metropolis.com/es/;;;
2021-09-06 0:23:26.652;c7c2ad73-c3e6-41f7-9eb1-d87620d9ab0d;431a56fa-8fc4-4aeb-87a0-dcbe059339ae;EAIaIQobChMIwPu5t4qs3AIVAQAAAB0BAAAAEAAYACAAEgJVzfD_BwE;false;tria/gclid=Cj0KCQjw1dGJBhD4ARIsANb6Odnh_FNiNTBVcbLYGVlRhddxsujwTE8vC5HHlxfPMAKI_CoHTzh_TNkaArF5EALw_wcB&idUser=755eecd0-9bcc-4a8a-9be6-26cacf308e96&uuid=fd070b00-f98b-4a94-aebb-f50ee645feef&camp=1648648995&adg=62589383945&device=m&sl=55827747438&adv=481025151787&rec=true&;https://www.metropolis.com/es/;;;
2021-09-06 0:24:21.818;fd070b00-f98b-4a94-aebb-f50ee645feef;755eecd0-9bcc-4a8a-9be6-26cacf308e96;Cj0KCQjw1dGJBhD4ARIsANb6Odnh_FNiNTBVcbLYGVlRhddxsujwTE8vC5HHlxfPMAKI_CoHTzh_TNkaArF5EALw_wcB;true;clin200/gclid=Cj0KCQjw1dGJBhD4ARIsANb6OdmWJwq4VfrghNapOK1QX0Yja7qzKJP8FdGBBdY9yFj1sz_sYtPk7xgaAu3MEALw_wcB&idUser=df56501a-abd0-4f27-b358-358ab951aab7&uuid=c6bde91a-6ad2-4903-952f-97905b0b5a78&camp=1439144636&adg=54995537263&device=m&sl=&adv=499223878491&rec=true&;https://www.metropolis.com/es/;;;
2021-09-06 0:25:46.025;c6bde91a-6ad2-4903-952f-97905b0b5a78;df56501a-abd0-4f27-b358-358ab951aab7;Cj0KCQjw1dGJBhD4ARIsANb6OdmWJwq4VfrghNapOK1QX0Yja7qzKJP8FdGBBdY9yFj1sz_sYtPk7xgaAu3MEALw_wcB;true;tria/gclid=Cj0KCQjw1dGJBhD4ARIsANb6OdlnQ-TTwbcabC2oZKJ3o4L2IWPIT9AcCvDlxMLCaCZZDHEn7S9tYmwaAojTEALw_wcB&idUser=70aabcb2-935d-40a6-9426-6ad7c94fdc69&uuid=db644840-5c53-4461-96ba-2b6e760f380d&camp=1648648995&adg=62589383945&device=m&sl=&adv=481025151796&rec=false&;https://www.metropolis.com/es/;;;
2021-09-06 0:26:58.535;db644840-5c53-4461-96ba-2b6e760f380d;70aabcb2-935d-40a6-9426-6ad7c94fdc69;Cj0KCQjw1dGJBhD4ARIsANb6OdlnQ-TTwbcabC2oZKJ3o4L2IWPIT9AcCvDlxMLCaCZZDHEn7S9tYmwaAojTEALw_wcB;false;gclid=CjwKCAjwjbCDBhAwEiwAiudBy3jlJeW4vAzqieU59RXrhxtMvbHXgK5UdK0KHtUCtcp6GWd38D0u6BoC76EQAvD_BwE&idUser=586715fa-8fc4-4aeb-87a0-dcbe059339ae&uuid=dc1f6c73-c3e6-41f7-9eb1-d87620d9ab0d&camp=732187328&adg=46724581628&device=c&sl=&adv=383441982840&rec=false&;https://www.metropolis.com/es/;;;
2021-09-06 0:27:46.409;dc1f6c73-c3e6-41f7-9eb1-d87620d9ab0d;586715fa-8fc4-4aeb-87a0-dcbe059339ae;CjwKCAjwjbCDBhAwEiwAiudBy3jlJeW4vAzqieU59RXrhxtMvbHXgK5UdK0KHtUCtcp6GWd38D0u6BoC76EQAvD_BwE;false;gclid=Cj0KCQjw1dGJBhD4ARIsANb6OdktAnMUbvBSVGyx1OHgAt3cupT9ZoQLRAgQd9Pwe8R5hccPDMxXdywaAixXEALw_wcB&idUser=fb47a5ee-7e57-4843-bb3f-abe5c8b6b037&uuid=b23748ce-e16b-442a-8c1d-73be8a041253&camp=732187328&adg=46724581628&device=m&sl=&adv=533655604703&rec=false&;https://www.metropolis.com/es/;;;
2021-09-06 0:31:47.841;b23748ce-e16b-442a-8c1d-73be8a041253;fb47a5ee-7e57-4843-bb3f-abe5c8b6b037;Cj0KCQjw1dGJBhD4ARIsANb6OdktAnMUbvBSVGyx1OHgAt3cupT9ZoQLRAgQd9Pwe8R5hccPDMxXdywaAixXEALw_wcB;false;dep30/gclid=Cj0KCQjw1dGJBhD4ARIsANb6Odm4awGlpse6LrnqFR8lEHqhwlvATxo5DjFr6P4kkMReDgz0yAEMezUaAkEYEALw_wcB&idUser=fb724298-600d-4c53-b399-5c6ac27098bc&uuid=89ba236e-a7bd-48e6-8240-a75a6cf04b70&camp=1783520608&adg=69331918055&device=m&sl=&adv=383441984286&rec=false&;https://www.metropolis.com/es/;;;
2021-09-06 0:33:22.958;89ba236e-a7bd-48e6-8240-a75a6cf04b70;fb724298-600d-4c53-b399-5c6ac27098bc;Cj0KCQjw1dGJBhD4ARIsANb6Odm4awGlpse6LrnqFR8lEHqhwlvATxo5DjFr6P4kkMReDgz0yAEMezUaAkEYEALw_wcB;false;dep30F/gclid=EAIaIQobChMIwPu5t4qs3AIVAQAAAB0BAAAAEAAYACAAEgJVzfD_BwE&idUser=d300f5fa-8fc4-4aeb-87a0-dcbe059339ae&uuid=57b84c73-c3e6-41f7-9eb1-d87620d9ab0d&camp=1054206170&adg=51242788069&device=m&sl=&adv=477211734953&rec=false&;https://www.metropolis.com/es/;;;
2021-09-06 0:35:27.871;57b84c73-c3e6-41f7-9eb1-d87620d9ab0d;d300f5fa-8fc4-4aeb-87a0-dcbe059339ae;EAIaIQobChMIwPu5t4qs3AIVAQAAAB0BAAAAEAAYACAAEgJVzfD_BwE;false;cea/gclid=Cj0KCQjw1dGJBhD4ARIsANb6OdmPu0GEyxbBOQVk5EhvCAbLHa0YEdaBhSo7470fkfWftT9ooyOwdQQaAi3UEALw_wcB&idUser=899878fc-1d7d-49e4-9f92-599540e9f6c4&uuid=4473eaeb-aa0a-4616-9641-d1c8304df291&camp=1648646316&adg=58613330770&device=m&sl=&adv=494939238438&rec=false&;https://www.metropolis.com/es/;;;
2021-09-06 0:40:45.939;4473eaeb-aa0a-4616-9641-d1c8304df291;899878fc-1d7d-49e4-9f92-599540e9f6c4;Cj0KCQjw1dGJBhD4ARIsANb6OdmPu0GEyxbBOQVk5EhvCAbLHa0YEdaBhSo7470fkfWftT9ooyOwdQQaAi3UEALw_wcB;false;home/gclid=Cj0KCQjw1dGJBhD4ARIsANb6OdlDMGO6v6nYUb5iviZV24f1iRe6YsTGFbsMvheOcF82is6SyhvmccUaAsUbEALw_wcB&idUser=f8ecefc1-5c26-422d-ae0f-21cb1b837d68&uuid=09d81100-1234-417e-9449-e88844ed9196&camp=732187328&adg=46724581428&device=m&sl=&adv=533531999892&rec=false&;https://www.metropolis.com/es/;;;
2021-09-06 0:41:15.947;09d81100-1234-417e-9449-e88844ed9196;f8ecefc1-5c26-422d-ae0f-21cb1b837d68;Cj0KCQjw1dGJBhD4ARIsANb6OdlDMGO6v6nYUb5iviZV24f1iRe6YsTGFbsMvheOcF82is6SyhvmccUaAsUbEALw_wcB;false;home/gclid=Cj0KCQjw1dGJBhD4ARIsANb6OdlDMGO6v6nYUb5iviZV24f1iRe6YsTGFbsMvheOcF82is6SyhvmccUaAsUbEALw_wcB&idUser=f8ecefc1-5c26-422d-ae0f-21cb1b837d68&uuid=09d81100-1234-417e-9449-e88844ed9196&camp=732187328&adg=46724581428&device=m&sl=&adv=533531999892&rec=true&;https://www.metropolis.com/es/;;;
2021-09-06 0:42:6.893;09d81100-1234-417e-9449-e88844ed9196;f8ecefc1-5c26-422d-ae0f-21cb1b837d68;Cj0KCQjw1dGJBhD4ARIsANb6OdlDMGO6v6nYUb5iviZV24f1iRe6YsTGFbsMvheOcF82is6SyhvmccUaAsUbEALw_wcB;true;gclid=Cj0KCQjw1dGJBhD4ARIsANb6Odmn2vxCQMu9mlylfkfVtIf2eHIDr__t3mvoxu-IrnI4rfXUvHVyU88aAg1XEALw_wcB&idUser=1c2c40ab-6201-4198-8b82-b2ed9c8ac368&uuid=8581d11e-314a-4849-b349-1f6fee619162&camp=732187328&adg=46724581628&device=m&sl=&adv=533655604703&rec=false&;https://www.metropolis.com/es/;;;
2021-09-06 0:49:49.263;8581d11e-314a-4849-b349-1f6fee619162;1c2c40ab-6201-4198-8b82-b2ed9c8ac368;Cj0KCQjw1dGJBhD4ARIsANb6Odmn2vxCQMu9mlylfkfVtIf2eHIDr__t3mvoxu-IrnI4rfXUvHVyU88aAg1XEALw_wcB;false;tria/gclid=Cj0KCQjw1dGJBhD4ARIsANb6OdmXLnJcxm4kHgfxx33ZUFlMjQTlquLxHvrb6mxE2YYPnj49XjjjI5saAsSDEALw_wcB&idUser=e787d1ef-901b-471f-acea-3b077cd09c9b&uuid=50e38a96-11cb-4008-8620-715d0a08a461&camp=1648648995&adg=62589383945&device=m&sl=55827747438&adv=481025151787&rec=false&;https://www.metropolis.com/es/;;;
2021-09-06 0:50:27.048;50e38a96-11cb-4008-8620-715d0a08a461;e787d1ef-901b-471f-acea-3b077cd09c9b;Cj0KCQjw1dGJBhD4ARIsANb6OdmXLnJcxm4kHgfxx33ZUFlMjQTlquLxHvrb6mxE2YYPnj49XjjjI5saAsSDEALw_wcB;false;fm/gclid=EAIaIQobChMIwPu5t4qs3AIVAQAAAB0BAAAAEAAYACAAEgJVzfD_BwE&idUser=d20e93fa-8fc4-4aeb-87a0-dcbe059339ae&uuid=56b6ea73-c3e6-41f7-9eb1-d87620d9ab0d&camp=1648181896&adg=64629789553&device=m&sl=55827747441&adv=492509948561&rec=false&;https://www.metropolis.com/es/;;;
2021-09-06 0:53:34.016;56b6ea73-c3e6-41f7-9eb1-d87620d9ab0d;d20e93fa-8fc4-4aeb-87a0-dcbe059339ae;EAIaIQobChMIwPu5t4qs3AIVAQAAAB0BAAAAEAAYACAAEgJVzfD_BwE;false;clin200/gclid=Cj0KCQjw1dGJBhD4ARIsANb6Odlmaujz4IX_nNxYCkaOCg60DNBa3PyaqALkI1Y0eDy3UGVCshMq0rgaAmraEALw_wcB&idUser=741f8b9c-eb27-472f-bb12-1ab7f95de7be&uuid=e7bccfb4-3a7a-4a25-8f8d-5eea4a8817e2&camp=1439144636&adg=54995537263&device=m&sl=43115966579&adv=499223878482&rec=false&;https://www.metropolis.com/es/;;;
2021-09-06 0:54:40.011;e7bccfb4-3a7a-4a25-8f8d-5eea4a8817e2;741f8b9c-eb27-472f-bb12-1ab7f95de7be;Cj0KCQjw1dGJBhD4ARIsANb6Odlmaujz4IX_nNxYCkaOCg60DNBa3PyaqALkI1Y0eDy3UGVCshMq0rgaAmraEALw_wcB;false;clin200-electrico/gclid=EAIaIQobChMIwPu5t4qs3AIVAQAAAB0BAAAAEAAYACAAEgJVzfD_BwE&idUser=5a4aa3fa-8fc4-4aeb-87a0-dcbe059339ae&uuid=def2fa73-c3e6-41f7-9eb1-d87620d9ab0d&camp=11378120103&adg=114160419969&device=c&sl=&adv=501738836063&rec=false&;https://www.metropolis.com/es/;;;
2021-09-06 0:55:11.352;def2fa73-c3e6-41f7-9eb1-d87620d9ab0d;5a4aa3fa-8fc4-4aeb-87a0-dcbe059339ae;EAIaIQobChMIwPu5t4qs3AIVAQAAAB0BAAAAEAAYACAAEgJVzfD_BwE;false;clin50/gclid=EAIaIQobChMIwPu5t4qs3AIVAQAAAB0BAAAAEAAYACAAEgJVzfD_BwE&idUser=dbe3d4fa-8fc4-4aeb-87a0-dcbe059339ae&uuid=5f9b2b73-c3e6-41f7-9eb1-d87620d9ab0d&camp=1704160543&adg=68028002833&device=m&sl=&adv=383441984109&rec=false&;https://www.metropolis.com/es/;;;
2021-09-06 0:55:49.816;5f9b2b73-c3e6-41f7-9eb1-d87620d9ab0d;dbe3d4fa-8fc4-4aeb-87a0-dcbe059339ae;EAIaIQobChMIwPu5t4qs3AIVAQAAAB0BAAAAEAAYACAAEgJVzfD_BwE;false;dep30/gclid=Cj0KCQjw1dGJBhD4ARIsANb6OdnMGQ9wRfSMTq5VhICyrwFMUrhTm_l4RkviN5SbUU1ZxTSmaeze018aAm3qEALw_wcB&idUser=d4d216c3-849d-4891-8b7e-738fe4643d42&uuid=f31853c0-0953-49f9-8adf-28c676b40a3e&camp=1042446156&adg=63912889335&device=c&sl=&adv=528158594826&rec=false&;https://www.metropolis.com/es/;;;
2021-09-06 0:55:55.632;f31853c0-0953-49f9-8adf-28c676b40a3e;d4d216c3-849d-4891-8b7e-738fe4643d42;Cj0KCQjw1dGJBhD4ARIsANb6OdnMGQ9wRfSMTq5VhICyrwFMUrhTm_l4RkviN5SbUU1ZxTSmaeze018aAm3qEALw_wcB;false;ixs-hibrido/gclid=EAIaIQobChMIwPu5t4qs3AIVAQAAAB0BAAAAEAAYACAAEgJVzfD_BwE&idUser=dde232fa-8fc4-4aeb-87a0-dcbe059339ae&uuid=519a8973-c3e6-41f7-9eb1-d87620d9ab0d&camp=1647220734&adg=61474769222&device=c&sl=&adv=383258708149&rec=false&;https://www.metropolis.com/es/;;;
2021-09-06 1:2:43.661;519a8973-c3e6-41f7-9eb1-d87620d9ab0d;dde232fa-8fc4-4aeb-87a0-dcbe059339ae;EAIaIQobChMIwPu5t4qs3AIVAQAAAB0BAAAAEAAYACAAEgJVzfD_BwE;false;tria/gclid=EAIaIQobChMIwPu5t4qs3AIVAQAAAB0BAAAAEAAYACAAEgJVzfD_BwE&idUser=58b6e4fa-8fc4-4aeb-87a0-dcbe059339ae&uuid=dc6e3b73-c3e6-41f7-9eb1-d87620d9ab0d&camp=1648648995&adg=62589383945&device=m&sl=55827747402&adv=481025151793&rec=false&;https://www.metropolis.com/es/;;;
2021-09-06 1:3:14.469;dc6e3b73-c3e6-41f7-9eb1-d87620d9ab0d;58b6e4fa-8fc4-4aeb-87a0-dcbe059339ae;EAIaIQobChMIwPu5t4qs3AIVAQAAAB0BAAAAEAAYACAAEgJVzfD_BwE;false;home/gclid=Cj0KCQjw1dGJBhD4ARIsANb6OdmV6XYIcMpvAhDvnmHLRGVelRzIeciTG3j1ItnthWfYtV_XFWKDhLsaAr4sEALw_wcB&idUser=ec1eef0d-6141-4a85-86cc-979a653362eb&uuid=1a05bd93-b939-4661-924b-a643cfcec3de&camp=732187328&adg=46724581628&device=m&sl=&adv=533655604703&rec=false&;https://www.metropolis.com/es/;;;
2021-09-06 1:3:30.842;1a05bd93-b939-4661-924b-a643cfcec3de;ec1eef0d-6141-4a85-86cc-979a653362eb;Cj0KCQjw1dGJBhD4ARIsANb6OdmV6XYIcMpvAhDvnmHLRGVelRzIeciTG3j1ItnthWfYtV_XFWKDhLsaAr4sEALw_wcB;false;gclid=Cj0KCQjw1dGJBhD4ARIsANb6OdnOcujoiiF4ThXt0WwM2J98QA5LaSMs5QjIHlgO9_RR36p9rgcVlAQaAlijEALw_wcB&idUser=ca64548f-69fc-45d1-b3f4-1c0ece14d8af&uuid=0aebfcde-16e0-4a40-995e-50acd24d0498&camp=732187328&adg=46724581628&device=m&sl=&adv=533655604703&rec=false&;https://www.metropolis.com/es/;;;
2021-09-06 1:4:17.572;0aebfcde-16e0-4a40-995e-50acd24d0498;ca64548f-69fc-45d1-b3f4-1c0ece14d8af;Cj0KCQjw1dGJBhD4ARIsANb6OdnOcujoiiF4ThXt0WwM2J98QA5LaSMs5QjIHlgO9_RR36p9rgcVlAQaAlijEALw_wcB;false;cea/gclid=Cj0KCQjw1dGJBhD4ARIsANb6Odm8qqwDUoGCiP-JscFhYn8tXNcej69bBDuyq1QkZWilZWCwq9N3fa8aAvHMEALw_wcB&idUser=93e04896-4c09-49c2-b0e1-d1886eaa7992&uuid=eeb7a257-fd21-48aa-8ae9-fddf16562e5a&camp=1648646316&adg=58613330770&device=m&sl=&adv=494939238438&rec=false&;https://www.metropolis.com/es/;;;
2021-09-06 1:6:34.162;eeb7a257-fd21-48aa-8ae9-fddf16562e5a;93e04896-4c09-49c2-b0e1-d1886eaa7992;Cj0KCQjw1dGJBhD4ARIsANb6Odm8qqwDUoGCiP-JscFhYn8tXNcej69bBDuyq1QkZWilZWCwq9N3fa8aAvHMEALw_wcB;false;gclid=Cj0KCQjw1dGJBhD4ARIsANb6OdkMo1Ojgt_KbYevM9tuvfBCjivUGsJ6OJjzGiT27JfG3r5nOFlNf5oaAmViEALw_wcB&idUser=ca64548f-69fc-45d1-b3f4-1c0ece14d8af&uuid=0aebfcde-16e0-4a40-995e-50acd24d0498&camp=732187328&adg=46724581628&device=m&sl=&adv=533655604703&rec=true&;https://www.metropolis.com/es/;;;
2021-09-06 1:6:57.045;0aebfcde-16e0-4a40-995e-50acd24d0498;ca64548f-69fc-45d1-b3f4-1c0ece14d8af;Cj0KCQjw1dGJBhD4ARIsANb6OdkMo1Ojgt_KbYevM9tuvfBCjivUGsJ6OJjzGiT27JfG3r5nOFlNf5oaAmViEALw_wcB;true;gclid=Cj0KCQjw1dGJBhD4ARIsANb6Odm76iUE_LtZa9Ene9oSKKEaYZKC2oY5hQFqJ9o82OXyvIJ-eYRf0R4aArlHEALw_wcB&idUser=93557e97-cec3-4e6e-86e4-fcb65f94443f&uuid=dcd6daf4-50c7-4f8c-8085-be3f8560b98f&camp=732187328&adg=46724581628&device=m&sl=&adv=533655604703&rec=false&;https://www.metropolis.com/es/;;;
2021-09-06 1:10:13.167;dcd6daf4-50c7-4f8c-8085-be3f8560b98f;93557e97-cec3-4e6e-86e4-fcb65f94443f;Cj0KCQjw1dGJBhD4ARIsANb6Odm76iUE_LtZa9Ene9oSKKEaYZKC2oY5hQFqJ9o82OXyvIJ-eYRf0R4aArlHEALw_wcB;false;ixs-electrico/gclid=Cj0KCQjw1dGJBhD4ARIsANb6Odn0imd3-xytO4mlwOfcjvzyaIdhWcKJdpIAV8T-60_WnRUlvuhHht4aAhY-EALw_wcB&idUser=1ff5e77b-9338-45af-b673-0f7b7901af36&uuid=10be9054-9006-4690-be2e-61c8e06a629f&camp=1690173969&adg=65960618375&device=m&sl=&adv=383252115256&rec=true&;https://www.metropolis.com/es/;;;
2021-09-06 1:11:51.122;10be9054-9006-4690-be2e-61c8e06a629f;1ff5e77b-9338-45af-b673-0f7b7901af36;Cj0KCQjw1dGJBhD4ARIsANb6Odn0imd3-xytO4mlwOfcjvzyaIdhWcKJdpIAV8T-60_WnRUlvuhHht4aAhY-EALw_wcB;true;tria/gclid=EAIaIQobChMIwPu5t4qs3AIVAQAAAB0BAAAAEAAYACAAEgJVzfD_BwE&idUser=d294f4fa-8fc4-4aeb-87a0-dcbe059339ae&uuid=564c4b73-c3e6-41f7-9eb1-d87620d9ab0d&camp=1648649016&adg=68652743168&device=c&sl=&adv=481025151823&rec=false&;https://www.metropolis.com/es/;;;
2021-09-06 1:12:4.086;564c4b73-c3e6-41f7-9eb1-d87620d9ab0d;d294f4fa-8fc4-4aeb-87a0-dcbe059339ae;EAIaIQobChMIwPu5t4qs3AIVAQAAAB0BAAAAEAAYACAAEgJVzfD_BwE;false;cea/gclid=EAIaIQobChMIwPu5t4qs3AIVAQAAAB0BAAAAEAAYACAAEgJVzfD_BwE&idUser=59ec43fa-8fc4-4aeb-87a0-dcbe059339ae&uuid=dd949a73-c3e6-41f7-9eb1-d87620d9ab0d&camp=1648174978&adg=62589482065&device=m&sl=&adv=494939238432&rec=false&;https://www.metropolis.com/es/;;;
2021-09-06 1:12:16.571;dd949a73-c3e6-41f7-9eb1-d87620d9ab0d;59ec43fa-8fc4-4aeb-87a0-dcbe059339ae;EAIaIQobChMIwPu5t4qs3AIVAQAAAB0BAAAAEAAYACAAEgJVzfD_BwE;false;gclid=Cj0KCQjw1dGJBhD4ARIsANb6OdkfELYDE7dqh4KTHFv2vp2vomWwtBlnOcDrToXcEScomvKbBWsLYmIEaAs8JEALw_wcB&idUser=656ef697-b01b-4e27-b299-ef8540d46ece&uuid=bd1e79c2-c08c-4c7e-ba82-241b0f066a2d&camp=732187328&adg=46724581628&device=m&sl=&adv=533655604703&rec=false&;https://www.metropolis.com/es/;;;
2021-09-06 1:13:47.458;bd1e79c2-c08c-4c7e-ba82-241b0f066a2d;656ef697-b01b-4e27-b299-ef8540d46ece;Cj0KCQjw1dGJBhD4ARIsANb6OdkfELYDE7dqh4KTHFv2vp2vomWwtBlnOcDrToXcESh1vKbBWsLYmIEaAs8JEALw_wcB;false;gclid=Cj0KCQjw1dGJBhD4ARIsANb6OdnY77HI8wxBSFnNhGQB3nurf6ZvlkN2-4BjJkLC9vf9Ay-iMnYBaX4aAiHNEALw_wcB&idUser=25f70b53-e7a9-43bf-b418-9ac4d9b14148&uuid=e8abd8f2-685d-4882-884a-e09f20c96a74&camp=732187328&adg=46724581628&device=m&sl=&adv=533655604703&rec=false&;https://www.metropolis.com/es/;;;
2021-09-06 1:14:47.530;e8abd8f2-685d-4882-884a-e09f20c96a74;25f70b53-e7a9-43bf-b418-9ac4d9b14148;Cj0KCQjw1dGJBhD4ARIsANb6OdnY77HI8wxBSFnNhGQB3nurf6ZvlkN2-4BjJkLC9vf9Ay-iMnYBaX4aAiHNEALw_wcB;false;gclid=Cj0KCQjw1dGJBhD4ARIsANb6OdkbalCNq4vnq4NzQu633Ez0lBhj4CU7f_3utORg9rFV6iCjAGgfaSUaAvitEALw_wcB&idUser=009a4f43-0fee-45ef-801e-5b3bd530a17d&uuid=10cf96a0-7d3e-40f7-8390-406e3a31f45f&camp=732187328&adg=46724581628&device=m&sl=&adv=533655604703&rec=false&;https://www.metropolis.com/es/;;;
2021-09-06 1:15:20.210;10cf96a0-7d3e-40f7-8390-406e3a31f45f;009a4f43-0fee-45ef-801e-5b3bd530a17d;Cj0KCQjw1dGJBhD4ARIsANb6OdkbalCNq4vnq4NzQu633Ez0lBhj4CU7f_3utORg9rFV6iCjAGgfaSUaAvitEALw_wcB;false;gclid=EAIaIQobChMIoLKpmJfp8gIVL4KDBx3O8gPOEAAYASAAEgJblPD_BwE&idUser=971fa551-f117-4fc2-9731-83fee01fa5b5&uuid=aac91bc5-d074-4789-995d-789e16443b23&camp=732187328&adg=46724581428&device=c&sl=&adv=533531999889&rec=false&;https://www.metropolis.com/es/;;;
2021-09-06 1:20:15.058;aac91bc5-d074-4789-995d-789e16443b23;971fa551-f117-4fc2-9731-83fee01fa5b5;EAIaIQobChMIoLKpmJfp8gIVL4KDBx3O8gPOEAAYASAAEgJblPD_BwE;false;tria-hibrido/gclid=Cj0KCQjw1dGJBhD4ARIsANb6Odn_zw5rZMVejI7hV_s33mwdAuaWTXCidfcpN3kthicXnfXOhT726VoaAtZmEALw_wcB&idUser=a0d1d299-8126-4836-ba00-4589c3193d49&uuid=268aa840-f962-4007-b688-6ee767eb63e8&camp=1725352245&adg=73019156532&device=m&sl=65499078603&adv=481025151991&rec=false&;https://www.metropolis.com/es/;;;
2021-09-06 1:23:19.264;268aa840-f962-4007-b688-6ee767eb63e8;a0d1d299-8126-4836-ba00-4589c3193d49;Cj0KCQjw1dGJBhD4ARIsANb6Odn_zw5rZMVejI7hV_s33mwdAuaWTXCidfcpN3kthicXnfXOhT726VoaAtZmEALw_wcB;false;gclid=EAIaIQobChMIwPu5t4qs3AIVAQAAAB0BAAAAEAAYACAAEgJVzfD_BwE&idUser=d5f103fa-8fc4-4aeb-87a0-dcbe059339ae&uuid=59a95a73-c3e6-41f7-9eb1-d87620d9ab0d&camp=732401169&adg=46724582868&device=m&sl=&adv=383441982882&rec=false&;https://www.metropolis.com/es/;;;
2021-09-06 1:23:45.642;59a95a73-c3e6-41f7-9eb1-d87620d9ab0d;d5f103fa-8fc4-4aeb-87a0-dcbe059339ae;EAIaIQobChMIwPu5t4qs3AIVAQAAAB0BAAAAEAAYACAAEgJVzfD_BwE;false;gclid=CjwKCAjwjbCDBhAwEiwAiudBy3jlJeW4vAzqieU59RXrhxtMvbHXgK5UdK0KHtUCtcp6GWd38D0u6BoC76EQAvD_BwE&idUser=504588fa-8fc4-4aeb-87a0-dcbe059339ae&uuid=d4fddf73-c3e6-41f7-9eb1-d87620d9ab0d&camp=732187328&adg=46724581628&device=c&sl=&adv=383441982840&rec=false&;https://www.metropolis.com/es/;;;
2021-09-06 1:24:11.167;d4fddf73-c3e6-41f7-9eb1-d87620d9ab0d;504588fa-8fc4-4aeb-87a0-dcbe059339ae;CjwKCAjwjbCDBhAwEiwAiudBy3jlJeW4vAzqieU59RXrhxtMvbHXgK5UdK0KHtUCtcp6GWd38D0u6BoC76EQAvD_BwE;false;tria/gclid=Cj0KCQjw1dGJBhD4ARIsANb6OdlmwHIgbX9cJ5OaLFyH0rPCTx8oSfpjQ-qI7MljV-Sg7fl1zSCt4ZEaAhHfEALw_wcB&idUser=3b667a12-1f6d-49ae-96b3-296d0c56f124&uuid=d5fe6fbe-e339-48a8-96f7-0ae1e5deeffe&camp=1648648995&adg=62589383945&device=m&sl=&adv=481025151787&rec=true&;https://www.metropolis.com/es/;;;
2021-09-06 1:27:15.408;d5fe6fbe-e339-48a8-96f7-0ae1e5deeffe;3b667a12-1f6d-49ae-96b3-296d0c56f124;Cj0KCQjw1dGJBhD4ARIsANb6OdlmwHIgbX9cJ5OaLFyH0rPCTx8oSfpjQ-qI7MljV-Sg7fl1zSCt4ZEaAhHfEALw_wcB;true;gclid=Cj0KCQjw1dGJBhD4ARIsANb6OdmIdy6EcvQUvw3tUt5-mO0TNP7hG44V0Gev4-68MhB4LxhMq_EFDpQaAjKeEALw_wcB&idUser=b5cbe536-820a-46b5-865b-05708c5ae366&uuid=7030d2e8-e0a4-4f4e-b6b4-06fd2b3f0ce5&camp=732187328&adg=46724581628&device=m&sl=&adv=533655604703&rec=false&;https://www.metropolis.com/es/;;;
2021-09-06 1:27:18.256;7030d2e8-e0a4-4f4e-b6b4-06fd2b3f0ce5;b5cbe536-820a-46b5-865b-05708c5ae366;Cj0KCQjw1dGJBhD4ARIsANb6OdmIdy6EcvQUvw3tUt5-mO0TNP7hG44V0Gev4-68MhB4LxhMq_EFDpQaAjKeEALw_wcB;false;clin200/gclid=EAIaIQobChMIwPu5t4qs3AIVAQAAAB0BAAAAEAAYACAAEgJVzfD_BwE&idUser=557983fa-8fc4-4aeb-87a0-dcbe059339ae&uuid=d921da73-c3e6-41f7-9eb1-d87620d9ab0d&camp=732187355&adg=46724587148&device=c&sl=43115966579&adv=499223878287&rec=false&;https://www.metropolis.com/es/;;;
2021-09-06 1:28:21.386;d921da73-c3e6-41f7-9eb1-d87620d9ab0d;557983fa-8fc4-4aeb-87a0-dcbe059339ae;EAIaIQobChMIwPu5t4qs3AIVAQAAAB0BAAAAEAAYACAAEgJVzfD_BwE;false;clin200/gclid=Cj0KCQjw1dGJBhD4ARIsANb6Odmu889uC-pJI4h_opswIy6F3YXjkBRVQRScr1pdO4IAncomVutR-KPwaAjtuEALw_wcB&idUser=362d60e4-fad4-44fe-959b-4c1f98e708a6&uuid=ba8ca6de-780c-4b2b-84a9-6315cd06e5ec&camp=732187355&adg=46724587148&device=m&sl=&adv=499223878287&rec=false&;https://www.metropolis.com/es/;;;
2021-09-06 1:31:38.995;ba8ca6de-780c-4b2b-84a9-6315cd06e5ec;362d60e4-fad4-44fe-959b-4c1f98e708a6;Cj0KCQjw1dGJBhD4ARIsANb6Odmu889uC-pJI4h_opswIy6F3YXjkBRVQRScr1pdO4IAnH1VutR-KPwaAjtuEALw_wcB;false;tria-hibrido/gclid=CO3TptmD6fICFbjDcwQd6pwOEw&idUser=d3dce7fa-8fc4-4aeb-87a0-dcbe059339ae&uuid=57843e73-c3e6-41f7-9eb1-d87620d9ab0d&camp=10584328482&adg=106303761004&device=m&sl=0&adv=481025152042&rec=false&;https://www.metropolis.com/es/;;;
2021-09-06 1:36:21.649;57843e73-c3e6-41f7-9eb1-d87620d9ab0d;d3dce7fa-8fc4-4aeb-87a0-dcbe059339ae;CO3TptmD6fICFbjDcwQd6pwOEw;false;gclid=Cj0KCQjw1dGJBhD4ARIsANb6OdkB1J6KBtAXFxilBoAyf3qvgiPoiq_BItmbqa0OgxvKUgXlEzkXa2EaAu3hEALw_wcB&idUser=90807e0f-24e0-4737-8afa-d331776cdbb2&uuid=0fdb12d5-44fd-42f8-85bb-bcf42f102f25&camp=732187328&adg=46724581628&device=c&sl=&adv=533655604703&rec=false&;https://www.metropolis.com/es/;;;
2021-09-06 1:39:19.710;0fdb12d5-44fd-42f8-85bb-bcf42f102f25;90807e0f-24e0-4737-8afa-d331776cdbb2;Cj0KCQjw1dGJBhD4ARIsANb6OdkB1J6KBtAXFxilBoAyf3qvgiPoiq_BItmbqa0OgxvKUgXlEzkXa2EaAu3hEALw_wcB;false;gclid=Cj0KCQjw1dGJBhD4ARIsANb6Odkms_JFFP9oVkJuZIdKy6cu5kJtKnfIBGS8Vawt0XXjklMW9zEC8vQaAvtaEALw_wcB&idUser=f8ecefc1-5c26-422d-ae0f-21cb1b837d68&uuid=09d81100-1234-417e-9449-e88844ed9196&camp=732187328&adg=46724581628&device=m&sl=&adv=533655604703&rec=true&;https://www.metropolis.com/es/;;;
2021-09-06 1:40:45.155;09d81100-1234-417e-9449-e88844ed9196;f8ecefc1-5c26-422d-ae0f-21cb1b837d68;Cj0KCQjw1dGJBhD4ARIsANb6Odkms_JFFP9oVkJuZIdKy6cu5kJtKnfIBGS8Vawt0XXjklMW9zEC8vQaAvtaEALw_wcB;true;tria-hibrido/gclid=Cj0KCQjw1dGJBhD4ARIsANb6OdnFjDIO-1N9w4A4C9nUX_dy0-XyLlNRwt8jj592vVRU0Lqt6e8H-1UaAkuKEALw_wcB&idUser=be686c1f-d0fd-40f5-b650-c90676a5dd1d&uuid=ef9c3a1d-6361-43c7-a93a-40816c806520&camp=12758678095&adg=126242467572&device=c&sl=&adv=514753083523&rec=false&;https://www.metropolis.com/es/;;;
2021-09-06 1:40:47.651;ef9c3a1d-6361-43c7-a93a-40816c806520;be686c1f-d0fd-40f5-b650-c90676a5dd1d;Cj0KCQjw1dGJBhD4ARIsANb6OdnFjDIO-1N9w4A4C9nUX_dy0-XyLlNRwt8jj592vVRU0Lqt6e8H-1UaAkuKEALw_wcB;false;gclid=EAIaIQobChMIpNSO85vp8gIVGKp3Ch0xaAn2EAAYASAAEgKcUvD_BwE&idUser=75e534a4-ba8f-4e67-8bd7-c10a34bd4dfd&uuid=7a4974e8-62cd-4202-9026-dfa50cb9d79f&camp=1685819696&adg=64092327565&device=m&sl=&adv=383441983896&rec=false&;https://www.metropolis.com/es/;;;
2021-09-06 1:41:15.536;7a4974e8-62cd-4202-9026-dfa50cb9d79f;75e534a4-ba8f-4e67-8bd7-c10a34bd4dfd;EAIaIQobChMIpNSO85vp8gIVGKp3Ch0xaAn2EAAYASAAEgKcUvD_BwE;false;gclid=Cj0KCQjw1dGJBhD4ARIsANb6OdmqkRKjxHPKD-Q90FEbG4PZYRiGaEfZRTHEQH9ufAtOOwOr1OwRMFIaAqQvEALw_wcB&idUser=f494ed64-090b-4547-be5b-2ac5f60f0372&uuid=fecb2a59-94f3-4f13-94a7-94ef542a881b&camp=732187328&adg=46724581628&device=c&sl=&adv=533655604703&rec=false&;https://www.metropolis.com/es/;;;
2021-09-06 1:42:23.937;fecb2a59-94f3-4f13-94a7-94ef542a881b;f494ed64-090b-4547-be5b-2ac5f60f0372;Cj0KCQjw1dGJBhD4ARIsANb6OdmqkRKjxHPKD-Q90FEbG4PZYRiGaEfZRTHEQH9ufAtOOwOr1OwRMFIaAqQvEALw_wcB;false;gclid=Cj0KCQjw1dGJBhD4ARIsANb6OdlBdCu2yDwvp9GAzrfuzyRdcQDqDNis8LJvn0xq2pj1rOuspyMrfCUaAit9EALw_wcB&idUser=ae29f469-cebb-4c35-8d02-ea5011d1ea57&uuid=f48f5e21-baa1-41c2-a4af-a59c1f937896&camp=732187328&adg=46724581628&device=m&sl=&adv=533655604703&rec=false&;https://www.metropolis.com/es/;;;
2021-09-06 1:44:8.284;f48f5e21-baa1-41c2-a4af-a59c1f937896;ae29f469-cebb-4c35-8d02-ea5011d1ea57;Cj0KCQjw1dGJBhD4ARIsANb6OdlBdCu2yDwvp9GAzrfuzyRdcQDqDNis8LJvn0xq2pj1rOuspyMrfCUaAit9EALw_wcB;false;k43/gclid=Cj0KCQjw1dGJBhD4ARIsANb6Odmm0scxrJhSEv-sJOjunwPSMTkeF8CRIkq2-Oal8d7PtLGRV2GswSUaAqrkEALw_wcB&idUser=8fb314e8-b0fe-4e17-b398-c0c5d2a988d0&uuid=e70ae10c-c91d-46f9-9c44-6a470c7995dc&camp=1724235562&adg=67441804237&device=m&sl=&adv=383441984151&rec=false&;https://www.metropolis.com/es/;;;
2021-09-06 11:56:55.657;e70ae10c-c91d-46f9-9c44-6a470c7995dc;8fb314e8-b0fe-4e17-b398-c0c5d2a988d0;Cj0KCQjw1dGJBhD4ARIsANb6Odmm0scxrJhSEv-sJOjunwPSMTkeF8CRIkq2-Oal8d7PtLGRV2GswSUaAqrkEALw_wcB;false;clin200/gclid=Cj0KCQjw1dGJBhD4ARIsANb6OdlXep4lwZTNIehwsuribQd6HSwZdLJ1cRKgwnznc0T6BDgyEn7iUJIaAivcEALw_wcB&idUser=3b667a12-1f6d-49ae-96b3-296d0c56f124&uuid=d5fe6fbe-e339-48a8-96f7-0ae1e5deeffe&camp=13352768134&adg=118216881250&device=m&sl=&adv=525403074131&rec=true&;https://www.metropolis.com/es/;;;
2021-09-06 1:52:54.535;d5fe6fbe-e339-48a8-96f7-0ae1e5deeffe;3b667a12-1f6d-49ae-96b3-296d0c56f124;Cj0KCQjw1dGJBhD4ARIsANb6OdlXep4lwZTNIehwsuribQd6HSwZdLJ1cRKgwnznc0T6BDgyEn7iUJIaAivcEALw_wcB;true;dep30F/gclid=Cj0KCQjw1dGJBhD4ARIsANb6OdnEZvTcH5sPeRfBZ8wzplfWTyOkHWqAhnnP7KuoB1GHxfiFGg_4yrcaAtgMEALw_wcB&idUser=490387a9-be5a-4942-aa62-436819e9f338&uuid=60abec30-79d6-43b7-aff5-9b015eb4324e&camp=13461666926&adg=124865734793&device=m&sl=&adv=526832313495&rec=false&;https://www.metropolis.com/es/;;;
2021-09-06 1:53:2.408;60abec30-79d6-43b7-aff5-9b015eb4324e;490387a9-be5a-4942-aa62-436819e9f338;Cj0KCQjw1dGJBhD4ARIsANb6OdnEZvTcH5sPeRfBZ8wzplfWTyOkHWqAhnnP7KuoB1GHxfiFGg_4yrcaAtgMEALw_wcB;false;dep30/gclid=Cj0KCQjw1dGJBhD4ARIsANb6OdkkK7qr_k-k8Tt08clDXE5KHaU2a0m7qMM-O2SQx8QlrZdKh9JGUVYaAtGBEALw_wcB&idUser=490387a9-be5a-4942-aa62-436819e9f338&uuid=60abec30-79d6-43b7-aff5-9b015eb4324e&camp=1042446162&adg=60556557005&device=m&sl=&adv=528158484219&rec=true&;https://www.metropolis.com/es/;;;
2021-09-06 1:55:7.309;60abec30-79d6-43b7-aff5-9b015eb4324e;490387a9-be5a-4942-aa62-436819e9f338;Cj0KCQjw1dGJBhD4ARIsANb6OdkkK7qr_k-k8Tt08clDXE5KHaU2a0m7qMM-O2SQx8QlrZdKh9JGUVYaAtGBEALw_wcB;true;tria/gclid=Cj0KCQjw1dGJBhD4ARIsANb6OdkQYwT42ooVoWpVEuOyjFR2m83yBrpNJCGbR_SPMYM9Cn_bXfTFdFUaAu9cEALw_wcB&idUser=a2b09d50-ca4b-40f7-b31f-8cd9ae06b74a&uuid=dbe550f6-9d1f-490f-a56a-edc0b6e09e4b&camp=1648648995&adg=62589383945&device=c&sl=&adv=481025151787&rec=false&;https://www.metropolis.com/es/;;;
2021-09-06 1:56:8.150;dbe550f6-9d1f-490f-a56a-edc0b6e09e4b;a2b09d50-ca4b-40f7-b31f-8cd9ae06b74a;Cj0KCQjw1dGJBhD4ARIsANb6OdkQYwT42ooVoWpVEuOyjFR2m83yBrpNJCGbR_SPMYM9Cn_bXfTFdFUaAu9cEALw_wcB;false;clin400/gclid=Cj0KCQjw1dGJBhD4ARIsANb6OdmJeLunINNihzyaQ_ozzg7WHi3Lee9NzeyFE3roXeZxDyhRcpPyO3YaAkM9EALw_wcB&idUser=3fcd7da3-06a3-4c0c-9836-a591efe51925&uuid=4bdfa0ad-d11b-4699-8c61-6d50c96a4f53&camp=1439144774&adg=54995539343&device=m&sl=&adv=477211735154&rec=false&;https://www.metropolis.com/es/;;;
2021-09-06 1:56:24.613;4bdfa0ad-d11b-4699-8c61-6d50c96a4f53;3fcd7da3-06a3-4c0c-9836-a591efe51925;Cj0KCQjw1dGJBhD4ARIsANb6OdmJeLunINNihzyaQ_ozzg7WHi3Lee9NzeyFE3roXeZxDyhRcpPyO3YaAkM9EALw_wcB;false;dep30F/gclid=Cj0KCQjw1dGJBhD4ARIsANb6Odl0tfQi00eHvnqCoqJt-lm93jRD3yRldTPu-RpjDy7j6FQpafvTtKkaAuStEALw_wcB&idUser=3b667a12-1f6d-49ae-96b3-296d0c56f124&uuid=d5fe6fbe-e339-48a8-96f7-0ae1e5deeffe&camp=1054206170&adg=51242788069&device=m&sl=&adv=477211734950&rec=true&;https://www.metropolis.com/es/;;;
2021-09-06 1:57:5.373;d5fe6fbe-e339-48a8-96f7-0ae1e5deeffe;3b667a12-1f6d-49ae-96b3-296d0c56f124;Cj0KCQjw1dGJBhD4ARIsANb6Odl0tfQi00eHvnqCoqJt-lm93jRD3yRldTPu-RpjDy7j6FQpafvTtKkaAuStEALw_wcB;true;clin50/gclid=Cj0KCQjw1dGJBhD4ARIsANb6Odkivy0JaTCWPb1DVHEvlGkE4MR2FEcRAQM7ySJRlEq0cOUMRX8dGmkaAvAaEALw_wcB&idUser=85043a5b-4a24-47cf-a7e6-925ddc414a4b&uuid=e581e07d-6cfe-43a2-b140-ab99512c3452&camp=732187349&adg=46724584708&device=m&sl=&adv=379120563244&rec=false&;https://www.metropolis.com/es/;;;
2021-09-06 1:57:11.479;e581e07d-6cfe-43a2-b140-ab99512c3452;85043a5b-4a24-47cf-a7e6-925ddc414a4b;Cj0KCQjw1dGJBhD4ARIsANb6Odkivy0JaTCWPb1DVHEvlGkE4MR2FEcRAQM7ySJRlEq0cOUMRX8dGmkaAvAaEALw_wcB;false;clin200/gclid=Cj0KCQjw1dGJBhD4ARIsANb6OdnirXrG-gQLMMDcOAgUx-_CouA-K0wQXqORreTKR--JCgcCLf6rGoYaAux4EALw_wcB&idUser=85043a5b-4a24-47cf-a7e6-925ddc414a4b&uuid=e581e07d-6cfe-43a2-b140-ab99512c3452&camp=732187355&adg=46724587148&device=m&sl=&adv=499223878287&rec=true&;https://www.metropolis.com/es/;;;
2021-09-06 2:0:6.862;e581e07d-6cfe-43a2-b140-ab99512c3452;85043a5b-4a24-47cf-a7e6-925ddc414a4b;Cj0KCQjw1dGJBhD4ARIsANb6OdnirXrG-gQLMMDcOAgUx-_CouA-K0wQXqORreTKR--JCgcCLf6rGoYaAux4EALw_wcB;true;dep30/gclid=Cj0KCQjw1dGJBhD4ARIsANb6OdkkK7qr_k-k8Tt08clDXE5KHaU2a0m7qMM-O2SQx8QlrZdKh9JGUVYaAtGBEALw_wcB&idUser=490387a9-be5a-4942-aa62-436819e9f338&uuid=60abec30-79d6-43b7-aff5-9b015eb4324e&camp=1042446162&adg=60556557005&device=m&sl=&adv=528158484219&rec=true&;https://www.metropolis.com/es/;;;
2021-09-06 2:1:37.066;60abec30-79d6-43b7-aff5-9b015eb4324e;490387a9-be5a-4942-aa62-436819e9f338;Cj0KCQjw1dGJBhD4ARIsANb6OdkkK7qr_k-k8Tt08clDXE5KHaU2a0m7qMM-O2SQx8QlrZdKh9JGUVYaAtGBEALw_wcB;true;dep30/gclid=Cj0KCQjw1dGJBhD4ARIsANb6OdlJ1-fCDR4ndMTpFd2biM9dqBjRFsTBp-L1lGv5gDP5Vf3NnanGJikaAlk-EALw_wcB&idUser=490387a9-be5a-4942-aa62-436819e9f338&uuid=60abec30-79d6-43b7-aff5-9b015eb4324e&camp=1042446162&adg=60556557005&device=m&sl=43115966903&adv=528158484219&rec=true&;https://www.metropolis.com/es/;;;
2021-09-06 2:1:48.342;60abec30-79d6-43b7-aff5-9b015eb4324e;490387a9-be5a-4942-aa62-436819e9f338;Cj0KCQjw1dGJBhD4ARIsANb6OdlJ1-fCDR4ndMTpFd2biM9dqBjRFsTBp-L1lGv5gDP5Vf3NnanGJikaAlk-EALw_wcB;true;comercial/gclid=CL250NmK6fICFWzRxQod_0wJwg&idUser=df1f67fa-8fc4-4aeb-87a0-dcbe059339ae&uuid=53c7be73-c3e6-41f7-9eb1-d87620d9ab0d&camp=732187340&adg=46724588388&device=c&sl=&adv=379120563115&rec=false&;https://www.metropolis.com/es/;;;
2021-09-06 2:9:10.496;53c7be73-c3e6-41f7-9eb1-d87620d9ab0d;df1f67fa-8fc4-4aeb-87a0-dcbe059339ae;CL250NmK6fICFWzRxQod_0wJwg;false;home/gclid=Cj0KCQjw1dGJBhD4ARIsANb6OdkCvPIsiQeElp6CU7Y8BuJ5JH2WEKc2-hpBvfZWInOP1ULrlB8Sbs4aAmD9EALw_wcB&idUser=9cb06019-87c7-4c5f-b72e-ac1f3846635b&uuid=a793ed83-3425-4fb0-8c75-de6794a0a2e9&camp=1685819708&adg=64092328045&device=m&sl=&adv=379120587355&rec=false&;https://www.metropolis.com/es/;;;
2021-09-06 2:10:56.553;a793ed83-3425-4fb0-8c75-de6794a0a2e9;9cb06019-87c7-4c5f-b72e-ac1f3846635b;Cj0KCQjw1dGJBhD4ARIsANb6OdkCvPIsiQeElp6CU7Y8BuJ5JH2WEKc2-hpBvfZWInOP1ULrlB8Sbs4aAmD9EALw_wcB;false;tria-hibrido/gclid=CPmisc-P6fICFdDHxQoditoJlg&idUser=d8c928fa-8fc4-4aeb-87a0-dcbe059339ae&uuid=5c717f73-c3e6-41f7-9eb1-d87620d9ab0d&camp=12758678107&adg=126242468092&device=m&sl=&adv=514753083730&rec=false&;https://www.metropolis.com/es/;;;
2021-09-06 2:14:47.048;5c717f73-c3e6-41f7-9eb1-d87620d9ab0d;d8c928fa-8fc4-4aeb-87a0-dcbe059339ae;CPmisc-P6fICFdDHxQoditoJlg;false;home/gclid=Cj0KCQjw1dGJBhD4ARIsANb6OdkCvPIsiQeElp6CU7Y8BuJ5JH2WEKc2-hpBvfZWInOP1ULrlB8Sbs4aAmD9EALw_wcB&idUser=9cb06019-87c7-4c5f-b72e-ac1f3846635b&uuid=a793ed83-3425-4fb0-8c75-de6794a0a2e9&camp=1685819708&adg=64092328045&device=m&sl=&adv=379120587355&rec=true&;https://www.metropolis.com/es/;;;
2021-09-06 2:15:11.824;a793ed83-3425-4fb0-8c75-de6794a0a2e9;9cb06019-87c7-4c5f-b72e-ac1f3846635b;Cj0KCQjw1dGJBhD4ARIsANb6OdkCvPIsiQeElp6CU7Y8BuJ5JH2WEKc2-hpBvfZWInOP1ULrlB8Sbs4aAmD9EALw_wcB;true;gclid=Cj0KCQjw1dGJBhD4ARIsANb6OdnJjNvFQClvxKV4Hp27iFgdjfk_sh4FXHCcHINKmvr7RExfrzZt4iIaAqcKEALw_wcB&idUser=4d65da5e-81f0-4078-acbc-91011ee43cf2&uuid=e26cc91b-0b3d-4195-ac8c-96a24dd7c88d&camp=732187328&adg=46724581628&device=c&sl=&adv=533655604703&rec=false&;https://www.metropolis.com/es/;;;
2021-09-06 2:17:4.585;e26cc91b-0b3d-4195-ac8c-96a24dd7c88d;4d65da5e-81f0-4078-acbc-91011ee43cf2;Cj0KCQjw1dGJBhD4ARIsANb6OdnJjNvFQClvxKV4Hp27iFgdjfk_sh4FXHCcHINKmvr7RExfrzZt4iIaAqcKEALw_wcB;false;tria/gclid=Cj0KCQjw1dGJBhD4ARIsANb6OdlqofNRhcLlRzjpdDWHLu4BQ6Pl7wyWdMOgn_hNVDMmewMNzB-mu8EaAlHLEALw_wcB&idUser=0066f0c5-8df8-47f6-b523-675c95f44c10&uuid=fb8dc604-010a-4974-b5db-96967a64d68c&camp=1648648995&adg=62589383945&device=m&sl=&adv=481025151796&rec=true&;https://www.metropolis.com/es/;;;
2021-09-06 2:17:15.472;fb8dc604-010a-4974-b5db-96967a64d68c;0066f0c5-8df8-47f6-b523-675c95f44c10;Cj0KCQjw1dGJBhD4ARIsANb6OdlqofNRhcLlRzjpdDWHLu4BQ6Pl7wyWdMOgn_hNVDMmewMNzB-mu8EaAlHLEALw_wcB;true;gclid=Cj0KCQjw1dGJBhD4ARIsANb6OdnJjNvFQClvxKV4Hp27iFgdjfk_sh4FXHCcHINKmvr7RExfrzZt4iIaAqcKEALw_wcB&idUser=4d65da5e-81f0-4078-acbc-91011ee43cf2&uuid=e26cc91b-0b3d-4195-ac8c-96a24dd7c88d&camp=732187328&adg=46724581628&device=c&sl=&adv=533655604703&rec=true&;https://www.metropolis.com/es/;;;
2021-09-06 2:17:27.705;e26cc91b-0b3d-4195-ac8c-96a24dd7c88d;4d65da5e-81f0-4078-acbc-91011ee43cf2;Cj0KCQjw1dGJBhD4ARIsANb6OdnJjNvFQClvxKV4Hp27iFgdjfk_sh4FXHCcHINKmvr7RExfrzZt4iIaAqcKEALw_wcB;true;tria/gclid=Cj0KCQjw1dGJBhD4ARIsANb6OdlwqVdoqW8XuIF-sWSV-ms_DlW64Fqf6x3J7uyqlXsrBUQr7r39CtIaAr73EALw_wcB&idUser=a67e534a-0075-44d2-927f-491018026719&uuid=1d8efb78-e1d3-426a-9c48-2c0c0101e0cb&camp=1648648995&adg=62589383945&device=m&sl=55827747438&adv=481025151787&rec=false&;https://www.metropolis.com/es/;;;